{
  "cache": {
    "write_ops_per_sec": 339180.33317159954,
    "read_ops_per_sec": 3698680.776014109,
    "total_ops_per_sec": 621240.3169666,
    "write_time": 0.002948284149169922,
    "read_time": 0.0002703666687011719,
    "total_time": 0.0032193660736083984
  },
  "dataframe_filter": {
    "execution_time": 0.006380319595336914,
    "success": true
  },
  "dataframe_groupby": {
    "execution_time": 0.004166364669799805,
    "success": true
  },
  "dataframe_sort": {
    "execution_time": 0.0013058185577392578,
    "success": true
  },
  "dataframe_describe": {
    "execution_time": 0.007170438766479492,
    "success": true
  },
  "dataframe_memory_usage": {
    "execution_time": 0.0015399456024169922,
    "success": true
  },
  "concurrent_requests": {
    "total_requests": 100,
    "successful_requests": 100,
    "failed_requests": 0,
    "success_rate": 100.0,
    "requests_per_sec": 929.1911925971382,
    "avg_response_time": 0.010435664653778076,
    "max_response_time": 0.010947704315185547,
    "min_response_time": 0.010044574737548828,
    "total_time": 0.1076204776763916
  },
  "memory": {
    "initial_memory_mb": 124.609375,
    "peak_memory_mb": 124.796875,
    "final_memory_mb": 124.796875,
    "memory_increase_mb": 0.1875,
    "memory_cleanup_mb": 0.0
  },
  "ai_context": {
    "avg_time": 0.030960726737976074,
    "min_time": 0.0013222694396972656,
    "max_time": 0.2963273525238037,
    "times": [
      0.2963273525238037,
      0.001962423324584961,
      0.0013806819915771484,
      0.0014052391052246094,
      0.0014510154724121094,
      0.0014591217041015625,
      0.0013380050659179688,
      0.0016107559204101562,
      0.0013222694396972656,
      0.00135040283203125
    ]
  }
}